,Survived,SibSp,Parch,Cabin_No,Cabin_Yes,Embarked_C,Embarked_Q,Embarked_S,Sex_female,Sex_male,Pclass_1,Pclass_2,Pclass_3,Age_Scaled,Fare_Scaled
0,0,1,0,1,0,0,0,1,0,1,0,0,1,-0.5613800809101931,-0.5024451714361923
1,1,1,0,0,1,1,0,0,1,0,1,0,0,0.6131707530307827,0.7868452935884461
2,1,0,0,1,0,0,0,1,1,0,0,0,1,-0.26774237242494914,-0.4888542575852486
3,1,1,0,0,1,0,0,1,1,0,1,0,0,0.39294247166684976,0.4207302360686478
4,0,0,0,1,0,0,0,1,0,1,0,0,1,0.39294247166684976,-0.4863374216869257
5,0,0,0,1,0,0,1,0,0,1,0,0,1,-0.4263836250625497,-0.47811642890864375
6,0,0,0,0,1,0,0,1,0,1,1,0,0,1.7877215869717586,0.395813560675251
7,0,3,1,1,0,0,0,1,0,1,0,0,1,-2.029568623336413,-0.22408312108167944
8,1,0,2,1,0,0,0,1,1,0,0,0,1,-0.19433294530363815,-0.4242561406845337
9,1,1,0,1,0,1,0,0,1,0,0,1,0,-1.1486554978806809,-0.04295550208861426
10,1,1,1,0,1,0,0,1,1,0,0,0,1,-1.8827497690937909,-0.312172377522981
11,1,0,0,0,1,0,0,1,1,0,1,0,0,2.0813592954570024,-0.11384570873513637
12,0,0,0,1,0,0,0,1,0,1,0,0,1,-0.7081989351528151,-0.4863374216869257
13,0,1,5,1,0,0,0,1,0,1,0,0,1,0.6865801801520938,-0.01870931177853076
14,0,0,0,1,0,0,0,1,1,0,0,0,1,-1.1486554978806809,-0.4902797934380587
15,1,0,0,1,0,0,0,1,1,0,0,1,0,1.8611310140930695,-0.3262666585535892
16,0,4,1,1,0,0,1,0,0,1,0,0,1,-2.029568623336413,-0.06199888922968463
17,1,0,0,1,0,0,0,1,0,1,0,1,0,0.17759540701548612,-0.3866707201133388
18,0,1,0,1,0,0,0,1,1,0,0,0,1,0.09930476318160582,-0.2859972841804228
19,1,0,0,1,0,1,0,0,1,0,0,0,1,-0.009472948449595153,-0.5029485386158568
20,0,0,0,1,0,0,0,1,0,1,0,1,0,0.39294247166684976,-0.12491978668775715
21,1,0,0,0,1,0,0,1,0,1,0,1,0,0.31953304454553877,-0.3866707201133388
22,1,0,0,1,0,0,1,0,1,0,0,0,1,-1.07524607075937,-0.4867562231804066
23,1,0,0,0,1,0,0,1,0,1,1,0,0,-0.12092351818232715,0.06635974158478332
24,0,3,1,1,0,0,0,1,1,0,0,0,1,-1.589112060608547,-0.22408312108167944
25,1,1,5,1,0,0,0,1,1,0,0,0,1,0.6131707530307827,-0.016444159470040135
26,0,0,0,1,0,1,0,0,0,1,0,0,1,-0.009472948449595153,-0.5029485386158568
27,0,3,2,0,1,0,0,1,0,1,1,0,0,-0.781608362274126,4.647001076532463
28,1,0,0,1,0,0,1,0,1,0,0,0,1,-0.5334761858066933,-0.48977642625839407
29,0,0,0,1,0,0,0,1,0,1,0,0,1,-0.12479908351711029,-0.4894421904510968
30,0,0,0,1,0,1,0,0,0,1,1,0,0,0.7599896072734047,-0.09027201697708476
31,1,1,0,0,1,1,0,0,1,0,1,0,0,0.4742836568829718,2.301728820789
32,1,0,0,1,0,0,1,0,1,0,0,0,1,0.4146587639867294,-0.49237782784290063
33,0,0,0,1,0,0,0,1,0,1,0,1,0,2.6686347124274907,-0.43700743807979686
34,0,1,0,1,0,1,0,0,0,1,1,0,0,-0.12092351818232715,1.0060617003323709
35,0,1,0,1,0,0,0,1,0,1,1,0,0,0.9068084615160267,0.39858208016340624
36,1,0,0,1,0,1,0,0,0,1,0,0,1,-0.4970508961965141,-0.5028639729296732
37,0,0,0,1,0,0,0,1,0,1,0,0,1,-0.634789508031504,-0.4863374216869257
38,0,2,0,1,0,0,0,1,1,0,0,0,1,-0.855017789395437,-0.2859972841804228
39,1,1,0,1,0,1,0,0,1,0,0,0,1,-1.1486554978806809,-0.42207354059350805
40,0,1,0,1,0,0,0,1,1,0,0,0,1,0.7599896072734047,-0.4576454924460446
41,0,1,0,1,0,0,0,1,1,0,0,1,0,-0.19433294530363815,-0.22559322262067316
42,0,0,0,1,0,1,0,0,0,1,0,0,1,-0.12479908351711029,-0.4894421904510968
43,1,1,2,1,0,1,0,0,1,0,0,1,0,-1.956159196215102,0.18876253192945994
44,1,0,0,1,0,0,1,0,1,0,0,0,1,-0.781608362274126,-0.48977642625839407
45,0,0,0,1,0,0,0,1,0,1,0,0,1,0.07770233463071162,-0.4863374216869257
46,0,1,0,1,0,0,1,0,0,1,0,0,1,0.25559235833429905,-0.3363340021468808
47,1,0,0,1,0,0,1,0,1,0,0,0,1,0.4146587639867294,-0.49237782784290063
48,0,2,0,1,0,1,0,0,0,1,0,0,1,-0.4542255636316674,-0.21191774308354583
49,0,1,0,1,0,0,0,1,1,0,0,0,1,-0.855017789395437,-0.29002422161773944
50,0,4,1,1,0,0,0,1,0,1,0,0,1,-1.662521487729858,0.1506737441786005
51,0,0,0,1,0,0,0,1,0,1,0,0,1,-0.634789508031504,-0.4913710934835715
52,1,1,0,0,1,1,0,0,1,0,1,0,0,1.4206744513652036,0.8964967865378598
53,1,1,0,1,0,0,0,1,1,0,0,1,0,-0.047514091061016166,-0.12491978668775715
54,0,0,1,0,1,1,0,0,0,1,1,0,0,2.5952252853061797,0.5995101505357573
55,1,0,0,0,1,0,0,1,0,1,1,0,0,1.0583864751365744,0.06635974158478332
56,1,0,0,1,0,0,0,1,1,0,0,1,0,-0.634789508031504,-0.43700743807979686
57,0,0,0,1,0,1,0,0,0,1,0,0,1,-0.08421880462167165,-0.5028639729296732
58,1,1,2,1,0,0,0,1,1,0,0,1,0,-1.8093403419724798,-0.08968408411123653
59,0,5,2,1,0,0,0,1,0,1,0,0,1,-1.368883779244614,0.2958951755118318
60,0,0,0,1,0,1,0,0,0,1,0,0,1,-0.5613800809101931,-0.5028639729296732
61,1,0,0,0,1,0,0,0,1,0,1,0,0,0.6131707530307827,0.962353321387736
62,0,1,0,0,1,0,0,1,0,1,1,0,0,1.1270367428799597,1.0323213593611125
63,0,3,2,1,0,0,0,1,0,1,0,0,1,-1.8827497690937909,-0.08666388103324908
64,0,0,0,1,0,1,0,0,0,1,1,0,0,0.8480874149117418,-0.09027201697708476
65,1,1,1,1,0,1,0,0,0,1,0,0,1,-0.921092443692182,-0.3414522396297103
66,1,0,0,0,1,0,0,1,1,0,0,1,0,-0.047514091061016166,-0.43700743807979686
67,0,0,0,1,0,0,0,1,0,1,0,0,1,-0.781608362274126,-0.4841568350646187
68,1,4,2,1,0,0,0,1,1,0,0,0,1,-0.928427216516748,-0.4888542575852486
69,0,2,0,1,0,0,0,1,0,1,0,0,1,-0.26774237242494914,-0.47400492578514347
70,0,0,0,1,0,0,0,1,0,1,0,1,0,0.1727141903029168,-0.43700743807979686
71,0,5,2,1,0,0,0,1,1,0,0,0,1,-1.001836643638059,0.2958951755118318
72,0,0,0,1,0,0,0,1,0,1,0,1,0,-0.634789508031504,0.8314778546749452
73,0,1,0,1,0,1,0,0,0,1,0,0,1,-0.26774237242494914,-0.3573908580066095
74,1,0,0,1,0,0,0,1,0,1,0,0,1,0.1727141903029168,0.48910360681684706
75,0,0,0,0,1,0,0,1,0,1,0,0,1,-0.3411517995462601,-0.494391296561559
76,0,0,0,1,0,0,0,1,0,1,0,0,1,-0.12479908351711029,-0.4894421904510968
77,0,0,0,1,0,0,0,1,0,1,0,0,1,0.07770233463071162,-0.4863374216869257
78,1,0,2,1,0,0,0,1,0,1,0,1,0,-2.1154576530683467,-0.06451572512800753
79,1,0,0,1,0,0,0,1,1,0,0,0,1,0.025895336060294823,-0.397241430886295
80,0,0,0,1,0,0,0,1,0,1,0,0,1,-0.5613800809101931,-0.46720946885967163
81,1,0,0,1,0,0,0,1,0,1,0,0,1,-0.047514091061016166,-0.45714212526638004
82,1,0,0,1,0,0,1,0,1,0,0,0,1,-0.46428676201931013,-0.49162277707340374
83,0,0,0,1,0,0,0,1,0,1,1,0,0,-0.12092351818232715,0.29992211294914856
84,1,0,0,1,0,0,0,1,1,0,0,1,0,-0.928427216516748,-0.43700743807979686
85,1,3,0,1,0,0,0,1,1,0,0,0,1,0.24612361742422778,-0.32928686163157667
86,0,1,3,1,0,0,0,1,0,1,0,0,1,-1.001836643638059,0.04370821849987721
87,0,0,0,1,0,0,0,1,0,1,0,0,1,0.07770233463071162,-0.4863374216869257
88,1,3,2,0,1,0,0,1,1,0,1,0,0,-0.4879706537888821,4.647001076532463
89,0,0,0,1,0,0,0,1,0,1,0,0,1,-0.4145612266675711,-0.4863374216869257
90,0,0,0,1,0,0,0,1,0,1,0,0,1,-0.047514091061016166,-0.4863374216869257
91,0,0,0,1,0,0,0,1,0,1,0,0,1,-0.7081989351528151,-0.4902797934380587
92,0,1,0,0,1,0,0,1,0,1,1,0,0,1.2004461700012707,0.5833178351003071
93,0,1,2,1,0,0,0,1,0,1,0,0,1,-0.26774237242494914,-0.23415046467497105
94,0,0,0,1,0,0,0,1,0,1,0,0,1,2.1547687225783134,-0.5024451714361923
95,0,0,0,1,0,0,0,1,0,1,0,0,1,0.07770233463071162,-0.4863374216869257
96,0,0,0,0,1,1,0,0,0,1,1,0,0,3.0356818480340455,0.0493298231623713
97,1,0,1,0,1,1,0,0,0,1,1,0,0,-0.4879706537888821,0.6272778976347743
98,1,0,1,1,0,0,0,1,1,0,0,1,0,0.31953304454553877,-0.18532384824750675
99,0,1,0,1,0,0,0,1,0,1,0,1,0,0.31953304454553877,-0.12491978668775715
100,0,0,0,1,0,0,0,1,1,0,0,0,1,-0.12092351818232715,-0.4894421904510968
101,0,0,0,1,0,0,0,1,0,1,0,0,1,-0.12479908351711029,-0.4894421904510968
102,0,0,1,0,1,0,0,1,0,1,1,0,0,-0.634789508031504,0.907737982394129
103,0,0,0,1,0,0,0,1,0,1,0,0,1,0.24612361742422778,-0.4741720436887921
104,0,2,0,1,0,0,0,1,0,1,0,0,1,0.5397613259094718,-0.4888542575852486
105,0,0,0,1,0,0,0,1,0,1,0,0,1,-0.12092351818232715,-0.4894421904510968
106,1,0,0,1,0,0,0,1,1,0,0,0,1,-0.634789508031504,-0.494391296561559
107,1,0,0,1,0,0,0,1,0,1,0,0,1,-0.15649374316049675,-0.4918744606632361
108,0,0,0,1,0,0,0,1,0,1,0,0,1,0.6131707530307827,-0.4894421904510968
109,1,1,0,1,0,0,1,0,1,0,0,0,1,0.2865851251452707,-0.1621689579829361
110,0,0,0,0,1,0,0,1,0,1,1,0,0,1.2738555971225816,0.39858208016340624
111,0,1,0,1,0,1,0,0,1,0,0,0,1,-1.1119507843200256,-0.3573908580066095
112,0,0,0,1,0,0,0,1,0,1,0,0,1,-0.5613800809101931,-0.4863374216869257
113,0,1,0,1,0,0,0,1,1,0,0,0,1,-0.7081989351528151,-0.4505983519307405
114,0,0,0,1,0,1,0,0,1,0,0,0,1,-0.928427216516748,-0.3573083057891445
115,0,0,0,1,0,0,0,1,0,1,0,0,1,-0.634789508031504,-0.4888542575852486
116,0,0,0,1,0,0,1,0,0,1,0,0,1,2.99897713447339,-0.49237782784290063
117,0,1,0,1,0,0,0,1,0,1,0,1,0,-0.047514091061016166,-0.22559322262067316
118,0,0,1,0,1,1,0,0,0,1,1,0,0,-0.4145612266675711,4.335332226633905
119,0,4,2,1,0,0,0,1,1,0,0,0,1,-2.029568623336413,-0.01870931177853076
120,0,2,0,1,0,0,0,1,0,1,0,1,0,-0.634789508031504,0.8314778546749452
121,0,0,0,1,0,0,0,1,0,1,0,0,1,0.07770233463071162,-0.4863374216869257
122,0,1,0,1,0,1,0,0,0,1,0,1,0,0.2094189038635723,-0.04295550208861426
123,1,0,0,0,1,0,0,1,1,0,0,1,0,0.2094189038635723,-0.3866707201133388
124,0,0,1,0,1,0,0,1,0,1,1,0,0,1.7877215869717586,0.907737982394129
125,1,1,0,1,0,1,0,0,0,1,0,0,1,-1.295474352123303,-0.42207354059350805
126,0,0,0,1,0,0,1,0,0,1,0,0,1,0.4146587639867294,-0.49237782784290063
127,1,0,0,1,0,0,0,1,0,1,0,0,1,-0.4145612266675711,-0.5046257580584992
128,1,1,1,0,1,1,0,0,1,0,0,0,1,-0.2836445439214776,-0.19824427701513722
129,0,0,0,1,0,0,0,1,0,1,0,0,1,1.1270367428799597,-0.5079822104125026
130,0,0,0,1,0,1,0,0,0,1,0,0,1,0.24612361742422778,-0.4894421904510968
131,0,0,0,1,0,0,0,1,0,1,0,0,1,-0.7081989351528151,-0.5064721088735089
132,0,1,0,1,0,0,0,1,1,0,0,0,1,1.2738555971225816,-0.35646868933346404
133,1,1,0,1,0,0,0,1,1,0,0,1,0,-0.047514091061016166,-0.12491978668775715
134,0,0,0,1,0,0,0,1,0,1,0,1,0,-0.3411517995462601,-0.3866707201133388
135,0,0,0,1,0,1,0,0,0,1,0,1,0,-0.4879706537888821,-0.3454791770670269
136,1,0,2,0,1,0,0,1,1,0,1,0,0,-0.781608362274126,-0.11921562980779811
137,0,1,0,0,1,0,0,1,0,1,1,0,0,0.5397613259094718,0.4207302360686478
138,0,0,0,1,0,0,0,1,0,1,0,0,1,-1.001836643638059,-0.4628462821463391
139,0,0,0,0,1,1,0,0,0,1,1,0,0,-0.4145612266675711,0.9462455716384695
140,0,0,2,1,0,1,0,0,1,0,0,0,1,-0.31589192154643,-0.3414522396297103
141,1,0,0,1,0,0,0,1,1,0,0,0,1,-0.5613800809101931,-0.49237782784290063
142,1,1,0,1,0,0,0,1,1,0,0,0,1,-0.4145612266675711,-0.32928686163157667
143,0,0,0,1,0,0,1,0,0,1,0,0,1,-0.781608362274126,-0.5125125150294839
144,0,0,0,1,0,0,0,1,0,1,0,1,0,-0.855017789395437,-0.41687275089321363
145,0,1,1,1,0,0,0,1,0,1,0,1,0,-0.781608362274126,0.09152810056801232
146,1,0,0,1,0,0,0,1,0,1,0,0,1,-0.19433294530363815,-0.49145565916975514
147,0,2,2,1,0,0,0,1,1,0,0,0,1,-1.5157026334872359,0.04370821849987721
148,0,0,2,0,1,0,0,1,0,1,0,1,0,0.5030566123488163,-0.12491978668775715
149,0,0,0,1,0,0,0,1,0,1,0,1,0,0.9068084615160267,-0.3866707201133388
150,0,0,0,1,0,0,0,1,0,1,0,1,0,1.5674933056078255,-0.39623469652696586
151,1,1,0,0,1,0,0,1,1,0,1,0,0,-0.5613800809101931,0.6925485130875209
152,0,0,0,1,0,0,0,1,0,1,0,0,1,1.897835727653725,-0.4863374216869257
153,0,0,2,1,0,0,0,1,0,1,0,0,1,0.7966943208340602,-0.35646868933346404
154,0,0,0,1,0,0,0,1,0,1,0,0,1,0.009950524380383931,-0.5011867534870308
155,0,0,1,1,0,1,0,0,0,1,1,0,0,1.5674933056078255,0.5874293382238074
156,1,0,0,1,0,0,1,0,1,0,0,0,1,-1.001836643638059,-0.49271407711891657
157,0,0,0,1,0,0,0,1,0,1,0,0,1,0.025895336060294823,-0.4863374216869257
158,0,0,0,1,0,0,0,1,0,1,0,0,1,-0.3027290599264969,-0.47400492578514347
159,0,8,2,1,0,0,0,1,0,1,0,0,1,-1.3784367714061623,0.7519458402879414
160,0,0,1,1,0,0,0,1,0,1,0,0,1,1.0536273157586487,-0.32425318983493084
161,1,0,0,1,0,0,0,1,1,0,0,1,0,0.7599896072734047,-0.331300330350235
162,0,0,0,1,0,0,0,1,0,1,0,0,1,-0.26774237242494914,-0.4918744606632361
163,0,0,0,1,0,0,0,1,0,1,0,0,1,-0.928427216516748,-0.47400492578514347
164,0,4,1,1,0,0,0,1,0,1,0,0,1,-2.102978050457724,0.1506737441786005
165,1,0,2,1,0,0,0,1,0,1,0,0,1,-1.5157026334872359,-0.2351571990343002
166,1,0,1,0,1,0,0,1,1,0,1,0,0,-0.265401922582407,0.4589861417231558
167,0,1,4,1,0,0,0,1,1,0,0,0,1,1.1270367428799597,-0.08666388103324908
168,0,0,0,1,0,0,0,1,0,1,1,0,0,1.4613635052789542,-0.12642988822675086
169,0,0,0,1,0,0,0,1,0,1,0,0,1,-0.12092351818232715,0.48910360681684706
170,0,0,0,0,1,0,0,1,0,1,1,0,0,2.3015875768209355,0.026090367211616904
171,0,4,1,1,0,0,1,0,0,1,0,0,1,-1.8827497690937909,-0.06199888922968463
172,1,1,1,1,0,0,0,1,1,0,0,0,1,-2.102978050457724,-0.4242561406845337
173,0,0,0,1,0,0,0,1,0,1,0,0,1,-0.634789508031504,-0.4888542575852486
174,0,0,0,0,1,1,0,0,0,1,1,0,0,1.9345404412143805,-0.030371322596999754
175,0,1,1,1,0,0,0,1,0,1,0,0,1,-0.855017789395437,-0.4902797934380587
176,0,3,1,1,0,0,0,1,0,1,0,0,1,-1.6397978167207696,-0.13565761536436197
177,0,0,0,0,1,1,0,0,1,0,1,0,0,1.4940838784865147,-0.07030444769415023
178,0,0,0,1,0,0,0,1,0,1,0,1,0,0.025895336060294823,-0.3866707201133388
179,0,0,0,1,0,0,0,1,0,1,0,0,1,0.46635189878816075,-0.6484216535389205
180,0,8,2,1,0,0,0,1,1,0,0,0,1,-1.3784367714061623,0.7519458402879414
181,0,0,0,1,0,1,0,0,0,1,0,1,0,0.15208177167307113,-0.34539461138084326
182,0,4,2,1,0,0,0,1,0,1,0,0,1,-1.5157026334872359,-0.016444159470040135
183,1,2,1,0,1,0,0,1,0,1,0,1,0,-2.102978050457724,0.13683114673782454
184,1,0,2,1,0,0,0,1,1,0,0,0,1,-1.8827497690937909,-0.20495516825442542
185,0,0,0,0,1,0,0,1,0,1,1,0,0,1.2187815131140511,0.3583127057902398
186,1,1,0,1,0,0,1,0,1,0,0,0,1,0.25559235833429905,-0.3363340021468808
187,1,0,0,1,0,0,0,1,0,1,1,0,0,1.1270367428799597,-0.11384570873513637
188,0,1,1,1,0,0,1,0,0,1,0,0,1,0.7599896072734047,-0.3363340021468808
189,0,0,0,1,0,0,0,1,0,1,0,0,1,0.46635189878816075,-0.4894421904510968
190,1,0,0,1,0,0,0,1,1,0,0,1,0,0.1727141903029168,-0.3866707201133388
191,0,0,0,1,0,0,0,1,0,1,0,1,0,-0.781608362274126,-0.3866707201133388
192,1,1,0,1,0,0,0,1,1,0,0,0,1,-0.781608362274126,-0.4902797934380587
193,1,1,1,0,1,0,0,1,0,1,0,1,0,-1.956159196215102,-0.12491978668775715
194,1,0,0,0,1,1,0,0,1,0,1,0,0,1.0536273157586487,-0.09027201697708476
195,1,0,0,0,1,1,0,0,1,0,1,0,0,2.0813592954570024,2.301728820789
196,0,0,0,1,0,0,1,0,0,1,0,0,1,0.4146587639867294,-0.49237782784290063
197,0,0,1,1,0,0,0,1,0,1,0,0,1,0.9068084615160267,-0.47920571548543794
198,1,0,0,1,0,0,1,0,1,0,0,0,1,0.4146587639867294,-0.49237782784290063
199,0,0,0,1,0,0,0,1,1,0,0,1,0,-0.4145612266675711,-0.3866707201133388
200,0,0,0,1,0,0,0,1,0,1,0,0,1,-0.12092351818232715,-0.45714212526638004
201,0,8,2,1,0,0,0,1,0,1,0,0,1,-1.3784367714061623,0.7519458402879414
202,0,0,0,1,0,0,0,1,0,1,0,0,1,0.31953304454553877,-0.5176307525123133
203,0,0,0,1,0,1,0,0,0,1,0,0,1,1.1637414564406152,-0.5029485386158568
204,1,0,0,1,0,0,0,1,0,1,0,0,1,-0.855017789395437,-0.4863374216869257
205,0,0,1,0,1,0,0,1,1,0,0,0,1,-2.029568623336413,-0.43776248884929375
206,0,1,0,1,0,0,0,1,0,1,0,0,1,0.1727141903029168,-0.32928686163157667
207,1,0,0,1,0,1,0,0,0,1,0,0,1,-0.26774237242494914,-0.2701412180209885
208,1,0,0,1,0,0,1,0,1,0,0,0,1,-1.001836643638059,-0.49237782784290063
209,1,0,0,0,1,1,0,0,0,1,1,0,0,0.7599896072734047,-0.024246350754841113
210,0,0,0,1,0,0,0,1,0,1,0,0,1,-0.4145612266675711,-0.5064721088735089
211,1,0,0,1,0,0,0,1,1,0,0,1,0,0.39294247166684976,-0.22559322262067316
212,0,0,0,1,0,0,0,1,0,1,0,0,1,-0.5613800809101931,-0.5024451714361923
213,0,0,0,1,0,0,0,1,0,1,0,1,0,0.025895336060294823,-0.3866707201133388
214,0,1,0,1,0,0,1,0,0,1,0,0,1,0.10616339498276789,-0.49237782784290063
215,1,1,0,0,1,1,0,0,1,0,1,0,0,0.09930476318160582,1.6323350375212924
216,1,0,0,1,0,0,0,1,1,0,0,0,1,-0.19433294530363815,-0.4888542575852486
217,0,1,0,1,0,0,0,1,0,1,0,1,0,0.9068084615160267,-0.10478509950117394
218,1,0,0,0,1,1,0,0,1,0,1,0,0,0.1727141903029168,0.8876878608937296
219,0,0,0,1,0,0,0,1,0,1,0,1,0,0.025895336060294823,-0.43700743807979686
220,1,0,0,1,0,0,0,1,0,1,0,0,1,-1.001836643638059,-0.4863374216869257
221,0,0,0,1,0,0,0,1,0,1,0,1,0,-0.19433294530363815,-0.3866707201133388
222,0,0,0,1,0,0,0,1,0,1,0,0,1,1.5674933056078255,-0.4863374216869257
223,0,0,0,1,0,0,0,1,0,1,0,0,1,-0.12479908351711029,-0.4894421904510968
224,1,1,0,0,1,0,0,1,0,1,1,0,0,0.6131707530307827,1.163700193253568
225,0,0,0,1,0,0,0,1,0,1,0,0,1,-0.5613800809101931,-0.4601623283443675
226,1,0,0,1,0,0,0,1,0,1,0,1,0,-0.781608362274126,-0.43700743807979686
227,0,0,0,1,0,0,0,1,0,1,0,0,1,-0.6714942215921595,-0.5024451714361923
228,0,0,0,1,0,0,0,1,0,1,0,1,0,-0.855017789395437,-0.3866707201133388
229,0,3,1,1,0,0,0,1,1,0,0,0,1,-1.6397978167207696,-0.13565761536436197
230,1,1,0,0,1,0,0,1,1,0,1,0,0,0.39294247166684976,1.0323213593611125
231,0,0,0,1,0,0,0,1,0,1,0,0,1,-0.047514091061016166,-0.4918744606632361
232,0,0,0,1,0,0,0,1,0,1,0,1,0,2.1547687225783134,-0.3766033765200472
233,1,4,2,1,0,0,0,1,1,0,0,0,1,-1.8093403419724798,-0.016444159470040135
234,0,0,0,1,0,0,0,1,0,1,0,1,0,-0.4145612266675711,-0.43700743807979686
235,0,0,0,1,0,0,0,1,1,0,0,0,1,0.10726120898327925,-0.49640476528021726
236,0,1,0,1,0,0,0,1,0,1,0,1,0,1.0536273157586487,-0.12491978668775715
237,1,0,2,1,0,0,0,1,1,0,0,1,0,-1.589112060608547,-0.11988611489111134
238,0,0,0,1,0,0,0,1,0,1,0,1,0,-0.781608362274126,-0.43700743807979686
239,0,0,0,1,0,0,0,1,0,1,0,1,0,0.24612361742422778,-0.4012683683236117
240,0,1,0,1,0,1,0,0,1,0,0,0,1,-0.6494600788173316,-0.3573908580066095
241,1,1,0,1,0,0,1,0,1,0,0,0,1,0.25559235833429905,-0.3363340021468808
242,0,0,0,1,0,0,0,1,0,1,0,1,0,-0.047514091061016166,-0.43700743807979686
243,0,0,0,1,0,0,0,1,0,1,0,0,1,-0.5613800809101931,-0.5049620073345151
244,0,0,0,1,0,1,0,0,0,1,0,0,1,0.025895336060294823,-0.5029485386158568
245,0,2,0,0,1,0,1,0,0,1,1,0,0,1.0536273157586487,1.163700193253568
246,0,0,0,1,0,0,0,1,1,0,0,0,1,-0.3411517995462601,-0.4918744606632361
247,1,0,2,1,0,0,0,1,1,0,0,1,0,-0.4145612266675711,-0.35646868933346404
248,1,1,1,0,1,0,0,1,0,1,1,0,0,0.5397613259094718,0.40974072380221066
249,0,1,0,1,0,0,0,1,0,1,0,1,0,1.7877215869717586,-0.12491978668775715
250,0,0,0,1,0,0,0,1,0,1,0,0,1,0.009950524380383931,-0.5024451714361923
251,0,1,1,0,1,0,0,1,1,0,0,0,1,-0.047514091061016166,-0.43776248884929375
252,0,0,0,0,1,0,0,1,0,1,1,0,0,2.3749970039422466,-0.11384570873513637
253,0,1,0,1,0,0,0,1,0,1,0,0,1,0.025895336060294823,-0.32425318983493084
254,0,0,2,1,0,0,0,1,1,0,0,0,1,0.8333990343947157,-0.2414492887801075
255,1,0,2,1,0,1,0,0,1,0,0,0,1,-0.047514091061016166,-0.3414522396297103
256,1,0,0,1,0,1,0,0,1,0,1,0,0,0.3650678634827883,0.9462455716384695
257,1,0,0,0,1,0,0,1,1,0,1,0,0,0.025895336060294823,1.093228788100527
258,1,0,0,1,0,1,0,0,1,0,1,0,0,0.39294247166684976,9.667166525013505
259,1,0,1,1,0,0,0,1,1,0,0,1,0,1.4940838784865147,-0.12491978668775715
260,0,0,0,1,0,0,1,0,0,1,0,0,1,0.4146587639867294,-0.49237782784290063
261,1,4,2,1,0,0,0,1,0,1,0,0,1,-1.956159196215102,-0.016444159470040135
262,0,1,1,0,1,0,0,1,0,1,1,0,0,1.6409027327291366,0.955306180872432
263,0,0,0,0,1,0,0,1,0,1,1,0,0,0.7599896072734047,-0.6484216535389205
264,0,0,0,1,0,0,1,0,1,0,0,0,1,0.4146587639867294,-0.49237782784290063
265,0,0,0,1,0,0,0,1,0,1,0,1,0,0.46635189878816075,-0.43700743807979686
266,0,4,1,1,0,0,0,1,0,1,0,0,1,-1.001836643638059,0.1506737441786005
267,1,1,0,1,0,0,0,1,0,1,0,0,1,-0.3411517995462601,-0.4918744606632361
268,1,0,1,0,1,0,0,1,1,0,1,0,0,2.0813592954570024,2.441497778832105
269,1,0,0,0,1,0,0,1,1,0,1,0,0,0.39294247166684976,2.0825124140450755
270,0,0,0,1,0,0,0,1,0,1,1,0,0,0.5305776754883299,-0.024246350754841113
271,1,0,0,1,0,0,0,1,0,1,0,0,1,-0.3411517995462601,-0.6484216535389205
272,1,0,1,1,0,0,0,1,1,0,0,1,0,0.8333990343947157,-0.255795253400548
273,0,0,1,0,1,1,0,0,0,1,1,0,0,0.5397613259094718,-0.05042144409739929
274,1,0,0,1,0,0,1,0,1,0,0,0,1,0.4146587639867294,-0.49237782784290063
275,1,1,0,0,1,0,0,1,1,0,1,0,0,2.4484064310635576,0.921244330558889
276,0,0,0,1,0,0,0,1,1,0,0,0,1,1.1270367428799597,-0.49237782784290063
277,0,0,0,1,0,0,0,1,0,1,0,1,0,0.39674636968977994,-0.6484216535389205
278,0,4,1,1,0,0,1,0,0,1,0,0,1,-1.662521487729858,-0.06199888922968463
279,1,1,1,1,0,0,0,1,1,0,0,0,1,0.39294247166684976,-0.24069423801061057
280,0,0,0,1,0,0,1,0,0,1,0,0,1,2.5952252853061797,-0.49237782784290063
281,0,0,0,1,0,0,0,1,0,1,0,0,1,-0.12092351818232715,-0.4902797934380587
282,0,0,0,1,0,0,0,1,0,1,0,0,1,-1.001836643638059,-0.45714212526638004
283,1,0,0,1,0,0,0,1,0,1,0,0,1,-0.781608362274126,-0.4863374216869257
284,0,0,0,0,1,0,0,1,0,1,1,0,0,2.0624557999241255,-0.12491978668775715
285,0,0,0,1,0,1,0,0,0,1,0,0,1,0.24612361742422778,-0.47400492578514347
286,1,0,0,1,0,0,0,1,0,1,0,0,1,0.025895336060294823,-0.45714212526638004
287,0,0,0,1,0,0,0,1,0,1,0,0,1,-0.5613800809101931,-0.4894421904510968
288,1,0,0,1,0,0,0,1,0,1,0,1,0,0.9068084615160267,-0.3866707201133388
289,1,0,0,1,0,0,1,0,1,0,0,0,1,-0.5613800809101931,-0.49237782784290063
290,1,0,0,1,0,0,0,1,1,0,1,0,0,-0.26774237242494914,0.9391984311231651
291,1,1,0,0,1,1,0,0,1,0,1,0,0,-0.781608362274126,1.1854295476653287
292,0,0,0,0,1,1,0,0,0,1,0,1,0,0.46635189878816075,-0.3891875560116617
293,0,0,0,1,0,0,0,1,1,0,0,0,1,-0.4145612266675711,-0.4702296719376591
294,0,0,0,1,0,0,0,1,0,1,0,0,1,-0.4145612266675711,-0.4894421904510968
295,0,0,0,1,0,1,0,0,0,1,1,0,0,0.8480874149117418,-0.09027201697708476
296,0,0,0,1,0,1,0,0,0,1,0,0,1,-0.4512659402282266,-0.5028639729296732
297,0,1,2,0,1,0,0,1,1,0,1,0,0,-2.029568623336413,2.4029901895877646
298,1,0,0,0,1,0,0,1,0,1,1,0,0,0.8756004390300696,-0.034313694348132716
299,1,0,1,0,1,1,0,0,1,0,1,0,0,1.4940838784865147,4.335332226633905
300,1,0,0,1,0,0,1,0,1,0,0,0,1,0.4146587639867294,-0.49237782784290063
301,1,2,0,1,0,0,1,0,0,1,0,0,1,-0.4649433399913791,-0.18029017645086096
302,0,0,0,1,0,0,0,1,0,1,0,0,1,-0.781608362274126,-0.6484216535389205
303,1,0,0,0,1,0,1,0,1,0,0,1,0,0.9489833178973149,-0.3997582667846179
304,0,0,0,1,0,0,0,1,0,1,0,0,1,0.07770233463071162,-0.4863374216869257
305,1,1,2,0,1,0,0,1,0,1,1,0,0,-2.1088508046274286,2.4029901895877646
306,1,0,0,1,0,1,0,0,1,0,1,0,0,-0.07842798061616464,1.5841789061771412
307,1,1,0,0,1,1,0,0,1,0,1,0,0,-0.928427216516748,1.5442457810799908
308,0,1,0,1,0,1,0,0,0,1,0,1,0,0.025895336060294823,-0.16518916106092355
309,1,0,0,0,1,1,0,0,1,0,1,0,0,0.025895336060294823,0.49782998024351216
310,1,0,0,0,1,1,0,0,1,0,1,0,0,-0.4145612266675711,1.0259447039291216
311,1,2,2,0,1,1,0,0,1,0,1,0,0,-0.855017789395437,4.634416897040849
312,0,1,1,1,0,0,0,1,1,0,0,1,0,-0.26774237242494914,-0.12491978668775715
313,0,0,0,1,0,0,0,1,0,1,0,0,1,-0.12092351818232715,-0.4894421904510968
314,0,1,1,1,0,0,0,1,0,1,0,1,0,0.9802178886373377,-0.11988611489111134
315,1,0,0,1,0,0,0,1,1,0,0,0,1,-0.26774237242494914,-0.4902797934380587
316,1,1,0,1,0,0,0,1,1,0,0,1,0,-0.4145612266675711,-0.12491978668775715
317,0,0,0,1,0,0,0,1,0,1,0,1,0,1.7877215869717586,-0.36653603292675563
318,1,0,2,0,1,0,0,1,1,0,1,0,0,0.09930476318160582,2.671117778445337
319,1,1,1,0,1,1,0,0,1,0,1,0,0,0.7599896072734047,2.059693773056521
320,0,0,0,1,0,0,0,1,0,1,0,0,1,-0.5613800809101931,-0.5024451714361923
321,0,0,0,1,0,0,0,1,0,1,0,0,1,-0.19433294530363815,-0.4894421904510968
322,1,0,0,1,0,0,1,0,1,0,0,1,0,0.025895336060294823,-0.3997582667846179
323,1,1,1,1,0,0,0,1,1,0,0,1,0,-0.5613800809101931,-0.06451572512800753
324,0,8,2,1,0,0,0,1,0,1,0,0,1,-1.3784367714061623,0.7519458402879414
325,1,0,0,0,1,1,0,0,1,0,1,0,0,0.46635189878816075,2.0825124140450755
326,0,0,0,1,0,0,0,1,0,1,0,0,1,2.3015875768209355,-0.5228315422126077
327,1,0,0,0,1,0,0,1,1,0,0,1,0,0.46635189878816075,-0.3866707201133388
328,1,1,1,1,0,0,0,1,1,0,0,0,1,0.09930476318160582,-0.2351571990343002
329,1,0,1,0,1,1,0,0,1,0,1,0,0,-1.001836643638059,0.5189714017894245
330,1,2,0,1,0,0,1,0,1,0,0,0,1,-0.4649433399913791,-0.18029017645086096
331,0,0,0,0,1,0,0,1,0,1,1,0,0,1.1637414564406152,-0.07458306872129913
332,0,0,1,0,1,0,0,1,0,1,1,0,0,0.6131707530307827,2.441497778832105
333,0,2,0,1,0,0,0,1,0,1,0,0,1,-1.001836643638059,-0.2859972841804228
334,1,1,0,1,0,0,0,1,1,0,1,0,0,0.13056821852426218,2.042579288947925
335,0,0,0,1,0,0,0,1,0,1,0,0,1,-0.12479908351711029,-0.4894421904510968
336,0,1,0,0,1,0,0,1,0,1,1,0,0,-0.047514091061016166,0.6925485130875209
337,1,0,0,0,1,1,0,0,1,0,1,0,0,0.8333990343947157,2.059693773056521
338,1,0,0,1,0,0,0,1,0,1,0,0,1,1.1270367428799597,-0.4863374216869257
339,0,0,0,0,1,0,0,1,0,1,1,0,0,1.1270367428799597,0.06635974158478332
340,1,1,1,0,1,0,0,1,0,1,0,1,0,-2.029568623336413,-0.12491978668775715
341,1,3,2,0,1,0,0,1,1,0,1,0,0,-0.4145612266675711,4.647001076532463
342,0,0,0,1,0,0,0,1,0,1,0,1,0,-0.12092351818232715,-0.3866707201133388
343,0,0,0,1,0,0,0,1,0,1,0,1,0,-0.3411517995462601,-0.3866707201133388
344,0,0,0,1,0,0,0,1,0,1,0,1,0,0.46635189878816075,-0.3866707201133388
345,1,0,0,0,1,0,0,1,1,0,0,1,0,-0.4145612266675711,-0.3866707201133388
346,1,0,0,1,0,0,0,1,1,0,0,1,0,0.7599896072734047,-0.3866707201133388
347,1,1,0,1,0,0,0,1,1,0,0,0,1,-0.21715090849733476,-0.32425318983493084
348,1,1,1,1,0,0,0,1,0,1,0,0,1,-1.956159196215102,-0.32828012727224753
349,0,0,0,1,0,0,0,1,0,1,0,0,1,0.9068084615160267,-0.47400492578514347
350,0,0,0,1,0,0,0,1,0,1,0,0,1,-0.4879706537888821,-0.4626791642426904
351,0,0,0,0,1,0,0,1,0,1,1,0,0,2.2259145321443947,0.05629239799149171
352,0,1,1,1,0,1,0,0,0,1,0,0,1,-1.07524607075937,-0.5028639729296732
353,0,1,0,1,0,0,0,1,0,1,0,0,1,-0.3411517995462601,-0.29002422161773944
354,0,0,0,1,0,1,0,0,0,1,0,0,1,-0.009472948449595153,-0.5029485386158568
355,0,0,0,1,0,0,0,1,0,1,0,0,1,-0.12092351818232715,-0.45714212526638004
356,1,0,1,0,1,0,0,1,1,0,1,0,0,-0.5613800809101931,0.4589861417231558
357,0,0,0,1,0,0,0,1,1,0,0,1,0,0.6131707530307827,-0.3866707201133388
358,1,0,0,1,0,0,1,0,1,0,0,0,1,-0.5334761858066933,-0.48977642625839407
359,1,0,0,1,0,0,1,0,1,0,0,0,1,-0.5334761858066933,-0.48977642625839407
360,0,1,4,1,0,0,0,1,0,1,0,0,1,0.7599896072734047,-0.08666388103324908
361,0,1,0,1,0,1,0,0,0,1,0,1,0,-0.047514091061016166,-0.09027201697708476
362,0,0,1,1,0,1,0,0,1,0,0,0,1,1.1270367428799597,-0.3573908580066095
363,0,0,0,1,0,0,0,1,0,1,0,0,1,0.39294247166684976,-0.5064721088735089
364,0,1,0,1,0,0,1,0,0,1,0,0,1,0.25559235833429905,-0.3363340021468808
365,0,0,0,1,0,0,0,1,0,1,0,0,1,0.025895336060294823,-0.5024451714361923
366,1,1,0,0,1,1,0,0,1,0,1,0,0,2.2281781496996245,0.8667135572514657
367,1,0,0,1,0,1,0,0,1,0,0,0,1,-0.4970508961965141,-0.5028639729296732
368,1,0,0,1,0,0,1,0,1,0,0,0,1,0.4146587639867294,-0.49237782784290063
369,1,0,0,0,1,1,0,0,1,0,1,0,0,-0.4145612266675711,0.7469121684912956
370,1,1,0,0,1,1,0,0,0,1,1,0,0,-0.3411517995462601,0.4678796330534696
371,0,1,0,1,0,0,0,1,0,1,0,0,1,-0.855017789395437,-0.5176307525123133
372,0,0,0,1,0,0,0,1,0,1,0,0,1,-0.781608362274126,-0.4863374216869257
373,0,0,0,1,0,1,0,0,0,1,1,0,0,-0.5613800809101931,2.0825124140450755
374,0,3,1,1,0,0,0,1,1,0,0,0,1,-1.956159196215102,-0.22408312108167944
375,1,1,0,1,0,1,0,0,1,0,1,0,0,0.16866150926885615,1.0060617003323709
376,1,0,0,1,0,0,0,1,1,0,0,0,1,-0.5613800809101931,-0.5024451714361923
377,0,0,2,0,1,1,0,0,0,1,1,0,0,-0.19433294530363815,3.610064686423428
378,0,0,0,1,0,1,0,0,0,1,0,0,1,-0.7081989351528151,-0.5676312212027554
379,0,0,0,1,0,0,0,1,0,1,0,0,1,-0.781608362274126,-0.4918744606632361
380,1,0,0,1,0,1,0,0,1,0,1,0,0,0.9068084615160267,3.9327230485884233
381,1,0,2,1,0,1,0,0,1,0,0,0,1,-2.102978050457724,-0.33146744825388363
382,0,0,0,1,0,0,0,1,0,1,0,0,1,0.1727141903029168,-0.4888542575852486
383,1,1,0,1,0,0,0,1,1,0,1,0,0,0.39294247166684976,0.39858208016340624
384,0,0,0,1,0,0,0,1,0,1,0,0,1,-0.12479908351711029,-0.4894421904510968
385,0,0,0,1,0,0,0,1,0,1,0,1,0,-0.855017789395437,0.8314778546749452
386,0,5,2,1,0,0,0,1,0,1,0,0,1,-2.102978050457724,0.2958951755118318
387,1,0,0,1,0,0,0,1,1,0,0,1,0,0.46635189878816075,-0.3866707201133388
388,0,0,0,1,0,0,1,0,0,1,0,0,1,-0.7158642648215303,-0.49279662933638163
389,1,0,0,1,0,1,0,0,1,0,0,1,0,-0.928427216516748,-0.40680540729992204
390,1,1,2,0,1,0,0,1,0,1,1,0,0,0.46635189878816075,1.7677408088510642
391,1,0,0,1,0,0,0,1,0,1,0,0,1,-0.634789508031504,-0.49145565916975514
392,0,2,0,1,0,0,0,1,0,1,0,0,1,-0.12092351818232715,-0.4888542575852486
393,1,1,0,0,1,1,0,0,1,0,1,0,0,-0.4879706537888821,1.6323350375212924
394,1,0,2,0,1,0,0,1,1,0,0,0,1,-0.4145612266675711,-0.312172377522981
395,0,0,0,1,0,0,0,1,0,1,0,0,1,-0.5613800809101931,-0.49145565916975514
396,0,0,0,1,0,0,0,1,1,0,0,0,1,0.09930476318160582,-0.4902797934380587
397,0,0,0,1,0,0,0,1,0,1,0,1,0,1.2004461700012707,-0.12491978668775715
398,0,0,0,1,0,0,0,1,0,1,0,1,0,-0.4879706537888821,-0.43700743807979686
399,1,0,0,1,0,0,0,1,1,0,0,1,0,-0.12092351818232715,-0.393717860628643
400,1,0,0,1,0,0,0,1,0,1,0,0,1,0.6865801801520938,-0.4888542575852486
401,0,0,0,1,0,0,0,1,0,1,0,0,1,-0.26774237242494914,-0.4863374216869257
402,0,1,0,1,0,0,0,1,1,0,0,0,1,-0.634789508031504,-0.4505983519307405
403,0,1,0,1,0,0,0,1,0,1,0,0,1,-0.12092351818232715,-0.32928686163157667
404,0,0,0,1,0,0,0,1,1,0,0,0,1,-0.7081989351528151,-0.47400492578514347
405,0,1,0,1,0,0,0,1,0,1,0,1,0,0.31953304454553877,-0.22559322262067316
406,0,0,0,1,0,0,0,1,0,1,0,0,1,1.5674933056078255,-0.49237782784290063
407,1,1,1,1,0,0,0,1,0,1,0,1,0,-1.956159196215102,-0.2708962687904854
408,0,0,0,1,0,0,0,1,0,1,0,0,1,-0.634789508031504,-0.4918744606632361
409,0,3,1,1,0,0,0,1,1,0,0,0,1,-1.6397978167207696,-0.13565761536436197
410,0,0,0,1,0,0,0,1,0,1,0,0,1,-0.12479908351711029,-0.4894421904510968
411,0,0,0,1,0,0,1,0,0,1,0,0,1,-0.6581840000528763,-0.5103319284071769
412,1,1,0,0,1,0,1,0,1,0,1,0,0,0.24612361742422778,1.163700193253568
413,0,0,0,1,0,0,0,1,0,1,0,1,0,0.39674636968977994,-0.6484216535389205
414,1,0,0,1,0,0,0,1,0,1,0,0,1,1.0536273157586487,-0.4888542575852486
415,0,0,0,1,0,0,0,1,1,0,0,0,1,0.07770233463071162,-0.4863374216869257
416,1,1,1,1,0,0,0,1,1,0,0,1,0,0.31953304454553877,0.005955680025033696
417,1,0,2,1,0,0,0,1,1,0,0,1,0,-0.855017789395437,-0.3866707201133388
418,0,0,0,1,0,0,0,1,0,1,0,1,0,0.025895336060294823,-0.3866707201133388
419,0,0,2,1,0,0,0,1,1,0,0,0,1,-1.4422932063659248,-0.1621689579829361
420,0,0,0,1,0,1,0,0,0,1,0,0,1,-0.12479908351711029,-0.4894421904510968
421,0,0,0,1,0,0,1,0,0,1,0,0,1,-0.634789508031504,-0.49271407711891657
422,0,0,0,1,0,0,0,1,0,1,0,0,1,-0.047514091061016166,-0.4898609919445778
423,0,1,1,1,0,0,0,1,1,0,0,0,1,-0.12092351818232715,-0.35848215805212236
424,0,1,1,1,0,0,0,1,0,1,0,0,1,-0.855017789395437,-0.2414492887801075
425,0,0,0,1,0,0,0,1,0,1,0,0,1,0.009950524380383931,-0.5024451714361923
426,1,1,0,1,0,0,0,1,1,0,0,1,0,-0.12092351818232715,-0.12491978668775715
427,1,0,0,1,0,0,0,1,1,0,0,1,0,-0.781608362274126,-0.12491978668775715
428,0,0,0,1,0,0,1,0,0,1,0,0,1,0.4146587639867294,-0.49237782784290063
429,1,0,0,0,1,0,0,1,0,1,0,0,1,0.1727141903029168,-0.4863374216869257
430,1,0,0,0,1,0,0,1,0,1,1,0,0,-0.12092351818232715,-0.11384570873513637
431,1,1,0,1,0,0,0,1,1,0,0,0,1,-0.21715090849733476,-0.32425318983493084
432,1,1,0,1,0,0,0,1,1,0,0,1,0,0.9068084615160267,-0.12491978668775715
433,0,0,0,1,0,0,0,1,0,1,0,0,1,-0.928427216516748,-0.5049620073345151
434,0,1,0,0,1,0,0,1,0,1,1,0,0,1.4940838784865147,0.4771073601910807
435,1,1,2,0,1,0,0,1,1,0,1,0,0,-1.1486554978806809,1.7677408088510642
436,0,2,2,1,0,0,0,1,1,0,0,0,1,-0.634789508031504,0.04370821849987721
437,1,2,3,1,0,0,0,1,1,0,0,1,0,-0.4145612266675711,-0.2708962687904854
438,0,1,4,0,1,0,0,1,0,1,1,0,0,2.5218158581848686,4.647001076532463
439,0,0,0,1,0,0,0,1,0,1,0,1,0,0.09930476318160582,-0.43700743807979686
440,1,1,1,1,0,0,0,1,1,0,0,1,0,1.1270367428799597,-0.11988611489111134
441,0,0,0,1,0,0,0,1,0,1,0,0,1,-0.7081989351528151,-0.45714212526638004
442,0,1,0,1,0,0,0,1,0,1,0,0,1,-0.3411517995462601,-0.4918744606632361
443,1,0,0,1,0,0,0,1,1,0,0,1,0,-0.12092351818232715,-0.3866707201133388
444,1,0,0,1,0,0,0,1,0,1,0,0,1,-0.45299602500309943,-0.48507900373776425
445,1,0,2,0,1,0,0,1,0,1,1,0,0,-1.8827497690937909,0.9997696105865636
446,1,0,1,1,0,0,0,1,1,0,0,1,0,-1.222064925001992,-0.255795253400548
447,1,0,0,1,0,0,0,1,0,1,1,0,0,0.31953304454553877,-0.11384570873513637
448,1,2,1,1,0,1,0,0,1,0,0,0,1,-1.8093403419724798,-0.26066180729354516
449,1,0,0,0,1,0,0,1,0,1,1,0,0,1.6409027327291366,-0.034313694348132716
450,0,1,2,1,0,0,0,1,0,1,0,1,0,0.46635189878816075,-0.08968408411123653
451,0,1,0,1,0,0,0,1,0,1,0,0,1,-0.4065596865035227,-0.2463983948905696
452,0,0,0,0,1,1,0,0,0,1,1,0,0,0.025895336060294823,-0.08968408411123653
453,1,1,0,0,1,1,0,0,0,1,1,0,0,1.4206744513652036,1.145663540471827
454,0,0,0,1,0,0,0,1,0,1,0,0,1,0.07770233463071162,-0.4863374216869257
455,1,0,0,1,0,1,0,0,0,1,0,0,1,-0.047514091061016166,-0.4894421904510968
456,0,0,0,0,1,0,0,1,0,1,1,0,0,2.5952252853061797,-0.11384570873513637
457,1,1,0,0,1,0,0,1,1,0,1,0,0,1.0580332227234022,0.395813560675251
458,1,0,0,1,0,0,0,1,1,0,0,1,0,1.4940838784865147,-0.43700743807979686
459,0,0,0,1,0,0,1,0,0,1,0,0,1,0.4146587639867294,-0.49237782784290063
460,1,0,0,0,1,0,0,1,0,1,1,0,0,1.3472650242438926,-0.11384570873513637
461,0,0,0,1,0,0,0,1,0,1,0,0,1,0.31953304454553877,-0.4863374216869257
462,0,0,0,0,1,0,0,1,0,1,1,0,0,1.2738555971225816,0.12676380314453292
463,0,0,0,1,0,0,0,1,0,1,0,1,0,1.3472650242438926,-0.3866707201133388
464,0,0,0,1,0,0,0,1,0,1,0,0,1,0.07770233463071162,-0.4863374216869257
465,0,0,0,1,0,0,0,1,0,1,0,0,1,0.6131707530307827,-0.5064721088735089
466,0,0,0,1,0,0,0,1,0,1,0,1,0,0.39674636968977994,-0.6484216535389205
467,0,0,0,1,0,0,0,1,0,1,1,0,0,1.9345404412143805,-0.11384570873513637
468,0,0,0,1,0,0,1,0,0,1,0,0,1,-0.7158642648215303,-0.4928811950225652
469,1,2,1,1,0,1,0,0,1,0,0,0,1,-2.1213304072380517,-0.26066180729354516
470,0,0,0,1,0,0,0,1,0,1,0,0,1,0.009950524380383931,-0.5024451714361923
471,0,0,0,1,0,0,0,1,0,1,0,0,1,0.6131707530307827,-0.47400492578514347
472,1,1,2,1,0,0,0,1,1,0,0,1,0,0.24612361742422778,-0.08968408411123653
473,1,0,0,0,1,1,0,0,1,0,0,1,0,-0.4879706537888821,-0.3707300882677209
474,0,0,0,1,0,0,0,1,1,0,0,0,1,-0.5613800809101931,-0.45034666834090825
475,0,0,0,0,1,0,0,1,0,1,1,0,0,1.1020430760109836,0.39858208016340624
476,0,1,0,1,0,0,0,1,0,1,0,1,0,0.31953304454553877,-0.22559322262067316
477,0,1,0,1,0,0,0,1,0,1,0,0,1,-0.047514091061016166,-0.5065566745596926
478,0,0,0,1,0,0,0,1,0,1,0,0,1,-0.5613800809101931,-0.4969926981460655
479,1,0,1,1,0,0,0,1,1,0,0,0,1,-2.029568623336413,-0.4010166847337793
480,0,5,2,1,0,0,0,1,0,1,0,0,1,-1.5157026334872359,0.2958951755118318
481,0,0,0,1,0,0,0,1,0,1,0,1,0,0.39674636968977994,-0.6484216535389205
482,0,0,0,1,0,0,0,1,0,1,0,0,1,1.4940838784865147,-0.4863374216869257
483,1,0,0,1,0,0,0,1,1,0,0,0,1,2.4484064310635576,-0.455380340137554
484,1,1,0,0,1,1,0,0,0,1,1,0,0,-0.3411517995462601,1.1854295476653287
485,0,3,1,1,0,0,0,1,1,0,0,0,1,-1.6397978167207696,-0.13565761536436197
486,1,1,0,0,1,0,0,1,1,0,1,0,0,0.39294247166684976,1.163700193253568
487,0,0,0,0,1,1,0,0,0,1,1,0,0,2.0813592954570024,-0.05042144409739929
488,0,0,0,1,0,0,0,1,0,1,0,0,1,0.025895336060294823,-0.4863374216869257
489,1,1,1,1,0,0,0,1,0,1,0,0,1,-1.5157026334872359,-0.32828012727224753
490,0,1,0,1,0,0,0,1,0,1,0,0,1,-0.4065596865035227,-0.2463983948905696
491,0,0,0,1,0,0,0,1,0,1,0,0,1,-0.634789508031504,-0.5024451714361923
492,0,0,0,0,1,0,0,1,0,1,1,0,0,1.8611310140930695,-0.034313694348132716
493,0,0,0,1,0,1,0,0,0,1,1,0,0,3.0356818480340455,0.3483299278831318
494,0,0,0,1,0,0,0,1,0,1,0,0,1,-0.634789508031504,-0.4863374216869257
495,0,0,0,1,0,1,0,0,0,1,0,0,1,-0.8407180116916301,-0.3573083057891445
496,1,1,0,0,1,1,0,0,1,0,1,0,0,1.7877215869717586,0.9274538680872313
497,0,0,0,1,0,0,0,1,0,1,0,0,1,-0.28569279074374376,-0.3443878770215141
498,0,1,2,0,1,0,0,1,1,0,1,0,0,-0.3411517995462601,2.4029901895877646
499,0,0,0,1,0,0,0,1,0,1,0,0,1,-0.4145612266675711,-0.49145565916975514
500,0,0,0,1,0,0,0,1,0,1,0,0,1,-0.928427216516748,-0.47400492578514347
501,0,0,0,1,0,0,1,0,1,0,0,0,1,-0.634789508031504,-0.49237782784290063
502,0,0,0,1,0,0,1,0,1,0,0,0,1,-0.20749284700517648,-0.4948100980550399
503,0,0,0,1,0,0,0,1,1,0,0,0,1,0.5397613259094718,-0.455380340137554
504,1,0,0,0,1,0,0,1,1,0,1,0,0,-1.001836643638059,1.093228788100527
505,0,1,0,0,1,1,0,0,0,1,1,0,0,-0.855017789395437,1.5442457810799908
506,1,0,2,1,0,0,0,1,1,0,0,1,0,0.24612361742422778,-0.12491978668775715
507,1,0,0,1,0,0,0,1,0,1,1,0,0,1.48669957293796,-0.11384570873513637
508,0,0,0,1,0,0,0,1,0,1,0,0,1,-0.12092351818232715,-0.1948878246611338
509,1,0,0,1,0,0,0,1,0,1,0,0,1,-0.26774237242494914,0.48910360681684706
510,1,0,0,1,0,0,1,0,0,1,0,0,1,-0.047514091061016166,-0.49237782784290063
511,0,0,0,1,0,0,0,1,0,1,0,0,1,0.07770233463071162,-0.4863374216869257
512,1,0,0,0,1,0,0,1,0,1,1,0,0,0.46635189878816075,-0.11913106412161445
513,1,1,0,1,0,1,0,0,1,0,1,0,0,1.7877215869717586,0.5475787653441219
514,0,0,0,1,0,0,0,1,0,1,0,0,1,-0.4145612266675711,-0.4974960653257301
515,0,0,0,0,1,0,0,1,0,1,1,0,0,1.2738555971225816,0.036576512298389464
516,1,0,0,0,1,0,0,1,1,0,0,1,0,0.31953304454553877,-0.43700743807979686
517,0,0,0,1,0,0,1,0,0,1,0,0,1,0.3322878305503287,-0.1621689579829361
518,1,1,0,1,0,0,0,1,1,0,0,1,0,0.46635189878816075,-0.12491978668775715
519,0,0,0,1,0,0,0,1,0,1,0,0,1,0.1727141903029168,-0.4894421904510968
520,1,0,0,0,1,0,0,1,1,0,1,0,0,0.025895336060294823,1.2341715984066093
521,0,0,0,1,0,0,0,1,0,1,0,0,1,-0.5613800809101931,-0.4894421904510968
522,0,0,0,1,0,1,0,0,0,1,0,0,1,-0.009472948449595153,-0.5029485386158568
523,1,0,1,0,1,1,0,0,1,0,1,0,0,1.0536273157586487,0.5189714017894245
524,0,0,0,1,0,1,0,0,0,1,0,0,1,-0.4970508961965141,-0.5028639729296732
525,0,0,0,1,0,0,1,0,0,1,0,0,1,0.7966943208340602,-0.49237782784290063
526,1,0,0,1,0,0,0,1,1,0,0,1,0,1.4940838784865147,-0.43700743807979686
527,0,0,0,0,1,0,0,1,0,1,1,0,0,0.6510133127118156,3.817033162951754
528,0,0,0,1,0,0,0,1,0,1,0,0,1,0.6865801801520938,-0.4888542575852486
529,0,2,1,1,0,0,0,1,0,1,0,1,0,-0.4879706537888821,-0.41687275089321363
530,1,1,1,1,0,0,0,1,1,0,0,1,0,-2.029568623336413,-0.12491978668775715
531,0,0,0,1,0,1,0,0,0,1,0,0,1,-0.4970508961965141,-0.5028639729296732
532,0,1,1,1,0,1,0,0,0,1,0,0,1,-0.928427216516748,-0.5028639729296732
533,1,0,2,1,0,1,0,0,1,0,0,0,1,-1.5881061329765471,-0.19824427701513722
534,0,0,0,1,0,0,0,1,1,0,0,0,1,0.025895336060294823,-0.47400492578514347
535,1,0,2,1,0,0,0,1,1,0,0,1,0,-1.662521487729858,-0.11988611489111134
536,0,0,0,0,1,0,0,1,0,1,1,0,0,1.1270367428799597,-0.11384570873513637
537,1,0,0,1,0,1,0,0,1,0,1,0,0,0.025895336060294823,1.4944124302931971
538,0,0,0,1,0,0,0,1,0,1,0,0,1,-0.39032018849361816,-0.35646868933346404
539,1,0,2,0,1,1,0,0,1,0,1,0,0,-0.5613800809101931,0.3482453621969482
540,1,0,2,0,1,0,0,1,1,0,1,0,0,0.46635189878816075,0.7811411367084872
541,0,4,2,1,0,0,0,1,1,0,0,0,1,-1.5157026334872359,-0.01870931177853076
542,0,4,2,1,0,0,0,1,1,0,0,0,1,-1.368883779244614,-0.01870931177853076
543,1,1,0,1,0,0,0,1,0,1,0,1,0,0.1727141903029168,-0.12491978668775715
544,0,1,0,0,1,1,0,0,0,1,1,0,0,1.4940838784865147,1.4944124302931971
545,0,0,0,1,0,0,0,1,0,1,1,0,0,2.5218158581848686,-0.12491978668775715
546,1,1,0,1,0,0,0,1,1,0,0,1,0,-0.781608362274126,-0.12491978668775715
547,1,0,0,1,0,1,0,0,0,1,0,1,0,0.23107646744064916,-0.3693045524149108
548,0,1,1,1,0,0,0,1,0,1,0,0,1,0.24612361742422778,-0.2351571990343002
549,1,1,1,1,0,0,0,1,0,1,0,1,0,-1.589112060608547,0.09152810056801232
550,1,0,2,0,1,1,0,0,0,1,1,0,0,-0.928427216516748,1.5841789061771412
551,0,0,0,1,0,0,0,1,0,1,0,1,0,-0.19433294530363815,-0.12491978668775715
552,0,0,0,1,0,0,1,0,0,1,0,0,1,-0.23974218885420076,-0.49078316061772326
553,1,0,0,1,0,1,0,0,0,1,0,0,1,-0.5613800809101931,-0.5029485386158568
554,1,0,0,1,0,0,0,1,1,0,0,0,1,-0.5613800809101931,-0.4918744606632361
555,0,0,0,1,0,0,0,1,0,1,1,0,0,2.3749970039422466,-0.11384570873513637
556,1,1,0,0,1,1,0,0,1,0,1,0,0,1.3472650242438926,0.1489119590497745
557,0,0,0,1,0,1,0,0,0,1,1,0,0,0.6510133127118156,3.9327230485884233
558,1,1,1,0,1,0,0,1,1,0,1,0,0,0.6865801801520938,0.955306180872432
559,1,1,0,1,0,0,0,1,1,0,0,0,1,0.46635189878816075,-0.29807809649237277
560,0,0,0,1,0,0,1,0,0,1,0,0,1,0.4146587639867294,-0.49237782784290063
561,0,0,0,1,0,0,0,1,0,1,0,0,1,0.7599896072734047,-0.4894421904510968
562,0,0,0,1,0,0,0,1,0,1,0,1,0,-0.12092351818232715,-0.3766033765200472
563,0,0,0,1,0,0,0,1,0,1,0,0,1,0.07770233463071162,-0.4863374216869257
564,0,0,0,1,0,0,0,1,1,0,0,0,1,0.07770233463071162,-0.4863374216869257
565,0,2,0,1,0,0,0,1,0,1,0,0,1,-0.4145612266675711,-0.1621689579829361
566,0,0,0,1,0,0,0,1,0,1,0,0,1,-0.781608362274126,-0.4894421904510968
567,0,0,4,1,0,0,0,1,1,0,0,0,1,-0.047514091061016166,-0.22408312108167944
568,0,0,0,1,0,1,0,0,0,1,0,0,1,-0.4970508961965141,-0.5028639729296732
569,1,0,0,1,0,0,0,1,0,1,0,0,1,0.1727141903029168,-0.4902797934380587
570,1,0,0,1,0,0,0,1,0,1,0,1,0,2.3749970039422466,-0.43700743807979686
571,1,2,0,0,1,0,0,1,1,0,1,0,0,1.7143121598504476,0.38809593507663365
572,1,0,0,0,1,0,0,1,0,1,1,0,0,0.46635189878816075,-0.11711759540295616
573,1,0,0,1,0,0,1,0,1,0,0,0,1,0.4146587639867294,-0.49237782784290063
574,0,0,0,1,0,0,0,1,0,1,0,0,1,-1.001836643638059,-0.4863374216869257
575,0,0,0,1,0,0,0,1,0,1,0,0,1,-0.781608362274126,-0.35646868933346404
576,1,0,0,1,0,0,0,1,1,0,0,1,0,0.31953304454553877,-0.3866707201133388
577,1,1,0,0,1,0,0,1,1,0,1,0,0,0.6865801801520938,0.4771073601910807
578,0,1,0,1,0,1,0,0,1,0,0,0,1,-0.703047962226493,-0.3573083057891445
579,1,0,0,1,0,0,0,1,0,1,0,0,1,0.1727141903029168,-0.4888542575852486
580,1,1,1,1,0,0,0,1,1,0,0,1,0,-0.3411517995462601,-0.04438103794142432
581,1,1,1,0,1,1,0,0,1,0,1,0,0,0.6865801801520938,1.5841789061771412
582,0,0,0,1,0,0,0,1,0,1,0,1,0,1.7877215869717586,-0.12491978668775715
583,0,0,0,0,1,1,0,0,0,1,1,0,0,0.46635189878816075,0.15948266982273065
584,0,0,0,1,0,1,0,0,0,1,0,0,1,-0.04436198901026628,-0.47299819142581434
585,1,0,2,0,1,0,0,1,1,0,1,0,0,-0.855017789395437,0.955306180872432
586,0,0,0,1,0,0,0,1,0,1,0,1,0,1.2738555971225816,-0.3464013457401724
587,1,1,1,0,1,1,0,0,0,1,1,0,0,2.2281781496996245,0.9462455716384695
588,0,0,0,1,0,0,0,1,0,1,0,0,1,-0.5613800809101931,-0.4863374216869257
589,0,0,0,1,0,0,0,1,0,1,0,0,1,0.07770233463071162,-0.4863374216869257
590,0,0,0,1,0,0,0,1,0,1,0,0,1,0.39294247166684976,-0.5049620073345151
591,1,1,0,0,1,1,0,0,1,0,1,0,0,1.6409027327291366,0.9274538680872313
592,0,0,0,1,0,0,0,1,0,1,0,0,1,1.2738555971225816,-0.5024451714361923
593,0,0,2,1,0,0,1,0,1,0,0,0,1,-0.16082930238324772,-0.49237782784290063
594,0,1,0,1,0,0,0,1,0,1,0,1,0,0.5397613259094718,-0.12491978668775715
595,0,1,1,1,0,0,0,1,0,1,0,0,1,0.46635189878816075,-0.1621689579829361
596,1,0,0,1,0,0,0,1,1,0,0,1,0,-0.38502456649371886,0.016023023618325298
597,0,0,0,1,0,0,0,1,0,1,0,0,1,1.4206744513652036,-0.6484216535389205
598,0,0,0,1,0,1,0,0,0,1,0,0,1,-0.009472948449595153,-0.5029485386158568
599,1,1,0,0,1,1,0,0,0,1,1,0,0,1.4206744513652036,0.49782998024351216
600,1,2,1,1,0,0,0,1,1,0,0,1,0,-0.4145612266675711,-0.10478509950117394
601,0,0,0,1,0,0,0,1,0,1,0,0,1,-0.12479908351711029,-0.4894421904510968
602,0,0,0,1,0,0,0,1,0,1,1,0,0,0.5776522134633622,0.2052890831722074
603,0,0,0,1,0,0,0,1,0,1,0,0,1,1.0536273157586487,-0.4863374216869257
604,1,0,0,1,0,1,0,0,0,1,1,0,0,0.39294247166684976,-0.11384570873513637
605,0,1,0,1,0,0,0,1,0,1,0,0,1,0.46635189878816075,-0.3353272677875516
606,0,0,0,1,0,0,0,1,0,1,0,0,1,0.025895336060294823,-0.4894421904510968
607,1,0,0,1,0,0,0,1,0,1,1,0,0,-0.19433294530363815,-0.034313694348132716
608,1,1,2,1,0,1,0,0,1,0,0,1,0,-0.5613800809101931,0.18876253192945994
609,1,0,0,0,1,0,0,1,1,0,1,0,0,0.7599896072734047,2.441497778832105
610,0,1,5,1,0,0,0,1,1,0,0,0,1,0.6865801801520938,-0.01870931177853076
611,0,0,0,1,0,0,0,1,0,1,0,0,1,-0.13055946079644234,-0.5064721088735089
612,1,1,0,1,0,0,1,0,1,0,0,0,1,0.25559235833429905,-0.3363340021468808
613,0,0,0,1,0,0,1,0,0,1,0,0,1,0.4146587639867294,-0.49237782784290063
614,0,0,0,1,0,0,0,1,0,1,0,0,1,0.39294247166684976,-0.4863374216869257
615,1,1,2,1,0,0,0,1,1,0,0,1,0,-0.4145612266675711,0.6603330135889879
616,0,1,1,1,0,0,0,1,0,1,0,0,1,0.31953304454553877,-0.35848215805212236
617,0,1,0,1,0,0,0,1,1,0,0,0,1,-0.26774237242494914,-0.32425318983493084
618,1,2,1,0,1,0,0,1,1,0,0,1,0,-1.8827497690937909,0.13683114673782454
619,0,0,0,1,0,0,0,1,0,1,0,1,0,-0.26774237242494914,-0.43700743807979686
620,0,1,0,1,0,1,0,0,0,1,0,0,1,-0.19433294530363815,-0.3573908580066095
621,1,1,0,0,1,0,0,1,0,1,1,0,0,0.9068084615160267,0.40974072380221066
622,1,1,1,1,0,1,0,0,0,1,0,0,1,-0.7081989351528151,-0.33146744825388363
623,0,0,0,1,0,0,0,1,0,1,0,0,1,-0.634789508031504,-0.4902797934380587
624,0,0,0,1,0,0,0,1,0,1,0,0,1,-0.634789508031504,-0.32425318983493084
625,0,0,0,0,1,0,0,1,0,1,1,0,0,2.3015875768209355,0.002347544081197954
626,0,0,0,1,0,0,1,0,0,1,0,1,0,2.0079498683356913,-0.3997582667846179
627,1,0,0,0,1,0,0,1,1,0,1,0,0,-0.634789508031504,0.921244330558889
628,0,0,0,1,0,0,0,1,0,1,0,0,1,-0.26774237242494914,-0.4894421904510968
629,0,0,0,1,0,0,1,0,0,1,0,0,1,-0.7158642648215303,-0.49271407711891657
630,1,0,0,0,1,0,0,1,0,1,1,0,0,3.6963666921258445,-0.04438103794142432
631,0,0,0,1,0,0,0,1,0,1,0,0,1,1.5674933056078255,-0.5063875431873253
632,1,0,0,0,1,1,0,0,0,1,1,0,0,0.1727141903029168,-0.034313694348132716
633,0,0,0,1,0,0,0,1,0,1,1,0,0,0.6744510956388592,-0.6484216535389205
634,0,3,2,1,0,0,0,1,1,0,0,0,1,-1.5157026334872359,-0.08666388103324908
635,1,0,0,1,0,0,0,1,1,0,0,1,0,-0.12092351818232715,-0.3866707201133388
636,0,0,0,1,0,0,0,1,0,1,0,0,1,0.1727141903029168,-0.4888542575852486
637,0,1,1,1,0,0,0,1,0,1,0,1,0,0.09930476318160582,-0.11988611489111134
638,0,0,5,1,0,0,0,1,1,0,0,0,1,0.8333990343947157,0.1506737441786005
639,0,1,0,1,0,0,0,1,0,1,0,0,1,-0.21715090849733476,-0.32425318983493084
640,0,0,0,1,0,0,0,1,0,1,0,0,1,-0.7081989351528151,-0.4902797934380587
641,1,0,0,0,1,1,0,0,1,0,1,0,0,-0.4145612266675711,0.7469121684912956
642,0,3,2,1,0,0,0,1,1,0,0,0,1,-2.029568623336413,-0.08666388103324908
643,1,0,0,1,0,0,0,1,0,1,0,0,1,-0.00575160832883484,0.48910360681684706
644,1,2,1,1,0,1,0,0,1,0,0,0,1,-2.1213304072380517,-0.26066180729354516
645,1,1,0,0,1,1,0,0,0,1,1,0,0,1.3472650242438926,0.8964967865378598
646,0,0,0,1,0,0,0,1,0,1,0,0,1,-0.781608362274126,-0.4894421904510968
647,1,0,0,0,1,1,0,0,0,1,1,0,0,1.9345404412143805,0.06635974158478332
648,0,0,0,1,0,0,0,1,0,1,0,0,1,0.10726120898327925,-0.49640476528021726
649,1,0,0,1,0,0,0,1,1,0,0,0,1,-0.4879706537888821,-0.49640476528021726
650,0,0,0,1,0,0,0,1,0,1,0,0,1,-0.12479908351711029,-0.4894421904510968
651,1,0,1,1,0,0,0,1,1,0,0,1,0,-0.855017789395437,-0.18532384824750675
652,0,0,0,1,0,0,0,1,0,1,0,0,1,-0.634789508031504,-0.47861979608830835
653,1,0,0,1,0,0,1,0,1,0,0,0,1,-0.23974218885420076,-0.49078316061772326
654,0,0,0,1,0,0,1,0,1,0,0,0,1,-0.855017789395437,-0.5125125150294839
655,0,2,0,1,0,0,0,1,0,1,0,1,0,-0.4145612266675711,0.8314778546749452
656,0,0,0,1,0,0,0,1,0,1,0,0,1,-0.12479908351711029,-0.4894421904510968
657,0,1,1,1,0,0,1,0,1,0,0,0,1,0.1727141903029168,-0.3363340021468808
658,0,0,0,1,0,0,0,1,0,1,0,1,0,-0.4879706537888821,-0.3866707201133388
659,0,0,2,0,1,1,0,0,0,1,1,0,0,2.0813592954570024,1.6323350375212924
660,1,2,0,1,0,0,0,1,0,1,1,0,0,1.4940838784865147,2.042579288947925
661,0,0,0,1,0,1,0,0,0,1,0,0,1,0.7599896072734047,-0.5029485386158568
662,0,0,0,0,1,0,0,1,0,1,1,0,0,1.2738555971225816,-0.13322534515222276
663,0,0,0,1,0,0,0,1,0,1,0,0,1,0.46635189878816075,-0.4974960653257301
664,1,1,0,1,0,0,0,1,0,1,0,0,1,-0.7081989351528151,-0.4888542575852486
665,0,2,0,1,0,0,0,1,0,1,0,1,0,0.1727141903029168,0.8314778546749452
666,0,0,0,1,0,0,0,1,0,1,0,1,0,-0.3411517995462601,-0.3866707201133388
667,0,0,0,1,0,0,0,1,0,1,0,0,1,-0.15649374316049675,-0.4918744606632361
668,0,0,0,1,0,0,0,1,0,1,0,0,1,0.9802178886373377,-0.4863374216869257
669,1,1,0,0,1,0,0,1,1,0,1,0,0,0.6930532867860657,0.39858208016340624
670,1,1,1,1,0,0,0,1,1,0,0,1,0,0.7599896072734047,0.13683114673782454
671,0,1,0,0,1,0,0,1,0,1,1,0,0,0.09930476318160582,0.39858208016340624
672,0,0,0,1,0,0,0,1,0,1,0,1,0,2.9622724209127345,-0.43700743807979686
673,1,0,0,1,0,0,0,1,0,1,0,1,0,0.09930476318160582,-0.3866707201133388
674,0,0,0,1,0,0,0,1,0,1,0,1,0,0.39674636968977994,-0.6484216535389205
675,0,0,0,1,0,0,0,1,0,1,0,0,1,-0.855017789395437,-0.4918744606632361
676,0,0,0,1,0,0,0,1,0,1,0,0,1,-0.3778565131069156,-0.4863374216869257
677,1,0,0,1,0,0,0,1,1,0,0,0,1,-0.855017789395437,-0.45026210265472455
678,0,1,6,1,0,0,0,1,1,0,0,0,1,0.9802178886373377,0.2958951755118318
679,1,0,1,0,1,1,0,0,0,1,1,0,0,0.46635189878816075,9.667166525013505
680,0,0,0,1,0,0,1,0,1,0,0,0,1,-0.45299602500309943,-0.48457563655809965
681,1,0,0,0,1,1,0,0,0,1,1,0,0,-0.19433294530363815,0.8964967865378598
682,0,0,0,1,0,0,0,1,0,1,0,0,1,-0.7081989351528151,-0.4626791642426904
683,0,5,2,1,0,0,0,1,0,1,0,0,1,-1.1486554978806809,0.2958951755118318
684,0,1,1,1,0,0,0,1,0,1,0,1,0,2.2281781496996245,0.13683114673782454
685,0,1,2,1,0,1,0,0,0,1,0,1,0,-0.3411517995462601,0.18876253192945994
686,0,4,1,1,0,0,0,1,0,1,0,0,1,-1.1486554978806809,0.1506737441786005
687,0,0,0,1,0,0,0,1,0,1,0,0,1,-0.781608362274126,-0.44363577710162005
688,0,0,0,1,0,0,0,1,0,1,0,0,1,-0.855017789395437,-0.49145565916975514
689,1,0,1,0,1,0,0,1,1,0,1,0,0,-1.07524607075937,3.6067927997556075
690,1,1,0,0,1,0,0,1,0,1,1,0,0,0.09930476318160582,0.49925551609632224
691,1,0,1,1,0,1,0,0,1,0,0,0,1,-1.8827497690937909,-0.37828059596268965
692,1,0,0,1,0,0,0,1,0,1,0,0,1,-0.00575160832883484,0.48910360681684706
693,0,0,0,1,0,1,0,0,0,1,0,0,1,-0.3411517995462601,-0.5029485386158568
694,0,0,0,1,0,0,0,1,0,1,1,0,0,2.2281781496996245,-0.11384570873513637
695,0,0,0,1,0,0,0,1,0,1,0,1,0,1.6409027327291366,-0.3766033765200472
696,0,0,0,1,0,0,0,1,0,1,0,0,1,1.0536273157586487,-0.4863374216869257
697,1,0,0,1,0,0,1,0,1,0,0,0,1,-0.7158642648215303,-0.49271407711891657
698,0,1,1,0,1,1,0,0,0,1,1,0,0,1.4206744513652036,1.5841789061771412
699,0,0,0,0,1,0,0,1,0,1,0,0,1,0.9068084615160267,-0.494391296561559
700,1,1,0,0,1,1,0,0,1,0,1,0,0,-0.855017789395437,3.9327230485884233
701,1,0,0,0,1,0,0,1,0,1,1,0,0,0.39294247166684976,-0.11913106412161445
702,0,0,1,1,0,1,0,0,1,0,0,0,1,-0.855017789395437,-0.3573908580066095
703,0,0,0,1,0,0,1,0,0,1,0,0,1,-0.3411517995462601,-0.4925449457465493
704,0,1,0,1,0,0,0,1,0,1,0,0,1,-0.26774237242494914,-0.4902797934380587
705,0,0,0,1,0,0,0,1,0,1,0,1,0,0.6865801801520938,-0.12491978668775715
706,1,0,0,1,0,0,0,1,1,0,0,1,0,1.1270367428799597,-0.3766033765200472
707,1,0,0,0,1,0,0,1,0,1,1,0,0,0.9068084615160267,-0.11913106412161445
708,1,0,0,1,0,0,0,1,1,0,1,0,0,-0.5613800809101931,2.4029901895877646
709,1,1,1,1,0,1,0,0,0,1,0,0,1,-0.921092443692182,-0.3414522396297103
710,1,0,0,0,1,1,0,0,1,0,1,0,0,-0.4145612266675711,0.3483299278831318
711,0,0,0,0,1,0,0,1,0,1,1,0,0,1.48669957293796,-0.11384570873513637
712,1,1,0,0,1,0,0,1,0,1,1,0,0,1.3472650242438926,0.39858208016340624
713,0,0,0,1,0,0,0,1,0,1,0,0,1,-0.047514091061016166,-0.457478374542396
714,0,0,0,1,0,0,0,1,0,1,0,1,0,1.6409027327291366,-0.3866707201133388
715,0,0,0,0,1,0,0,1,0,1,0,0,1,-0.781608362274126,-0.494391296561559
716,1,0,0,0,1,1,0,0,1,0,1,0,0,0.6131707530307827,3.9327230485884233
717,1,0,0,0,1,0,0,1,1,0,0,1,0,-0.19433294530363815,-0.43700743807979686
718,0,0,0,1,0,0,1,0,0,1,0,0,1,-0.17165868861103573,-0.3363340021468808
719,0,0,0,1,0,0,0,1,0,1,0,0,1,0.24612361742422778,-0.4918744606632361
720,1,0,1,1,0,0,0,1,1,0,0,1,0,-1.7359309148511688,0.016023023618325298
721,0,1,0,1,0,0,0,1,0,1,0,0,1,-0.928427216516748,-0.5063875431873253
722,0,0,0,1,0,0,0,1,0,1,0,1,0,0.31953304454553877,-0.3866707201133388
723,0,0,0,1,0,0,0,1,0,1,0,1,0,1.4940838784865147,-0.3866707201133388
724,1,1,0,0,1,0,0,1,0,1,1,0,0,-0.19433294530363815,0.4207302360686478
725,0,0,0,1,0,0,0,1,0,1,0,0,1,-0.7081989351528151,-0.47400492578514347
726,1,3,0,1,0,0,0,1,1,0,0,1,0,0.025895336060294823,-0.22559322262067316
727,1,0,0,1,0,0,1,0,1,0,0,0,1,-0.7158642648215303,-0.4926295114327329
728,0,1,0,1,0,0,0,1,0,1,0,1,0,-0.3411517995462601,-0.12491978668775715
729,0,1,0,1,0,0,0,1,1,0,0,0,1,-0.3411517995462601,-0.4888542575852486
730,1,0,0,0,1,0,0,1,1,0,1,0,0,-0.047514091061016166,3.6067927997556075
731,0,0,0,1,0,1,0,0,0,1,0,0,1,-1.368883779244614,-0.2701412180209885
732,0,0,0,1,0,0,0,1,0,1,0,1,0,0.39674636968977994,-0.6484216535389205
733,0,0,0,1,0,0,0,1,0,1,0,1,0,-0.4879706537888821,-0.3866707201133388
734,0,0,0,1,0,0,0,1,0,1,0,1,0,-0.4879706537888821,-0.3866707201133388
735,0,0,0,1,0,0,0,1,0,1,0,0,1,-0.08421880462167165,-0.32425318983493084
736,0,1,3,1,0,0,0,1,1,0,0,0,1,1.3472650242438926,0.04370821849987721
737,1,0,0,0,1,1,0,0,0,1,1,0,0,0.39294247166684976,9.667166525013505
738,0,0,0,1,0,0,0,1,0,1,0,0,1,-0.12479908351711029,-0.4894421904510968
739,0,0,0,1,0,0,0,1,0,1,0,0,1,-0.12479908351711029,-0.4894421904510968
740,1,0,0,0,1,0,0,1,0,1,1,0,0,0.644489545404301,-0.04438103794142432
741,0,1,0,0,1,0,0,1,0,1,1,0,0,0.46635189878816075,0.9391984311231651
742,1,2,2,0,1,1,0,0,1,0,1,0,0,-0.634789508031504,4.634416897040849
743,0,1,0,1,0,0,0,1,0,1,0,0,1,-0.4145612266675711,-0.32425318983493084
744,1,0,0,1,0,0,0,1,0,1,0,0,1,0.09930476318160582,-0.4888542575852486
745,0,1,1,0,1,0,0,1,0,1,1,0,0,2.9622724209127345,0.7811411367084872
746,0,1,1,1,0,0,0,1,0,1,0,0,1,-1.001836643638059,-0.24069423801061057
747,1,0,0,1,0,0,0,1,1,0,0,1,0,0.025895336060294823,-0.3866707201133388
748,0,1,0,0,1,0,0,1,0,1,1,0,0,-0.781608362274126,0.4207302360686478
749,0,0,0,1,0,0,1,0,0,1,0,0,1,0.09930476318160582,-0.49237782784290063
750,1,1,1,1,0,0,0,1,1,0,0,1,0,-1.8827497690937909,-0.18532384824750675
751,1,0,1,0,1,0,0,1,0,1,0,0,1,-1.7359309148511688,-0.397241430886295
752,0,0,0,1,0,0,0,1,0,1,0,0,1,0.24612361742422778,-0.45714212526638004
753,0,0,0,1,0,0,0,1,0,1,0,0,1,-0.4879706537888821,-0.4894421904510968
754,1,1,2,1,0,0,0,1,1,0,0,1,0,1.3472650242438926,0.6603330135889879
755,1,1,1,1,0,0,0,1,0,1,0,1,0,-2.1272031614077562,-0.35646868933346404
756,0,0,0,1,0,0,0,1,0,1,0,0,1,-0.12092351818232715,-0.49145565916975514
757,0,0,0,1,0,0,0,1,0,1,0,1,0,-0.855017789395437,-0.41687275089321363
758,0,0,0,1,0,0,0,1,0,1,0,0,1,0.31953304454553877,-0.4863374216869257
759,1,0,0,0,1,0,0,1,1,0,1,0,0,0.24612361742422778,1.093228788100527
760,0,0,0,1,0,0,0,1,0,1,0,0,1,-0.39032018849361816,-0.35646868933346404
761,0,0,0,1,0,0,0,1,0,1,0,0,1,0.8333990343947157,-0.5049620073345151
762,1,0,0,1,0,1,0,0,0,1,0,0,1,-0.7081989351528151,-0.5028639729296732
763,1,1,2,0,1,0,0,1,1,0,1,0,0,0.46635189878816075,1.7677408088510642
764,0,0,0,1,0,0,0,1,0,1,0,0,1,-1.001836643638059,-0.4918744606632361
765,1,1,0,0,1,0,0,1,1,0,1,0,0,1.5674933056078255,0.921244330558889
766,0,0,0,1,0,1,0,0,0,1,1,0,0,0.6994196637399629,0.1489119590497745
767,0,0,0,1,0,0,1,0,1,0,0,0,1,0.06260004962095032,-0.49237782784290063
768,0,1,0,1,0,0,1,0,0,1,0,0,1,0.2865851251452707,-0.1621689579829361
769,0,0,0,1,0,0,0,1,0,1,0,0,1,0.1727141903029168,-0.4800453319411184
770,0,0,0,1,0,0,0,1,0,1,0,0,1,-0.4145612266675711,-0.45714212526638004
771,0,0,0,1,0,0,0,1,0,1,0,0,1,1.3472650242438926,-0.4902797934380587
772,0,0,0,0,1,0,0,1,1,0,0,1,0,2.0079498683356913,-0.43700743807979686
773,0,0,0,1,0,1,0,0,0,1,0,0,1,-0.009472948449595153,-0.5029485386158568
774,1,1,3,1,0,0,0,1,1,0,0,1,0,1.7877215869717586,-0.18532384824750675
775,0,0,0,1,0,0,0,1,0,1,0,0,1,-0.855017789395437,-0.49237782784290063
776,0,0,0,0,1,0,1,0,0,1,0,0,1,0.4146587639867294,-0.49237782784290063
777,1,0,0,1,0,0,0,1,1,0,0,0,1,-1.8093403419724798,-0.397241430886295
778,0,0,0,1,0,0,1,0,0,1,0,0,1,-0.7158642648215303,-0.4926295114327329
779,1,0,1,0,1,0,0,1,1,0,1,0,0,0.9802178886373377,3.6067927997556075
780,1,0,0,1,0,1,0,0,1,0,0,0,1,-1.222064925001992,-0.5028639729296732
781,1,1,0,0,1,0,0,1,1,0,1,0,0,-0.928427216516748,0.49925551609632224
782,0,0,0,0,1,0,0,1,0,1,1,0,0,-0.047514091061016166,-0.04438103794142432
783,0,1,2,1,0,0,0,1,0,1,0,0,1,-0.9875988706825178,-0.17626323901354432
784,0,0,0,1,0,0,0,1,0,1,0,0,1,-0.3411517995462601,-0.5064721088735089
785,0,0,0,1,0,0,0,1,0,1,0,0,1,-0.3411517995462601,-0.5024451714361923
786,1,0,0,1,0,0,0,1,1,0,0,0,1,-0.855017789395437,-0.4974960653257301
787,0,4,1,1,0,0,1,0,0,1,0,0,1,-1.589112060608547,-0.06199888922968463
788,1,1,2,1,0,0,0,1,0,1,0,0,1,-2.102978050457724,-0.23415046467497105
789,0,0,0,0,1,1,0,0,0,1,1,0,0,1.2004461700012707,0.9462455716384695
790,0,0,0,1,0,0,1,0,0,1,0,0,1,0.4146587639867294,-0.49237782784290063
791,0,0,0,1,0,0,0,1,0,1,0,1,0,-1.001836643638059,-0.12491978668775715
792,0,8,2,1,0,0,0,1,1,0,0,0,1,-1.3784367714061623,0.7519458402879414
793,0,0,0,1,0,1,0,0,0,1,1,0,0,1.5222205572661014,-0.030371322596999754
794,0,0,0,1,0,0,0,1,0,1,0,0,1,-0.3411517995462601,-0.4894421904510968
795,0,0,0,1,0,0,0,1,0,1,0,1,0,0.6865801801520938,-0.3866707201133388
796,1,0,0,0,1,0,0,1,1,0,1,0,0,1.4206744513652036,-0.1263453225405672
797,1,0,0,1,0,0,0,1,1,0,0,0,1,0.09930476318160582,-0.4735861242916626
798,0,0,0,1,0,1,0,0,0,1,0,0,1,0.025895336060294823,-0.5028639729296732
799,0,1,1,1,0,0,0,1,1,0,0,0,1,0.025895336060294823,-0.1621689579829361
800,0,0,0,1,0,0,0,1,0,1,0,1,0,0.31953304454553877,-0.3866707201133388
801,1,1,1,1,0,0,0,1,1,0,0,1,0,0.09930476318160582,-0.11988611489111134
802,1,1,2,0,1,0,0,1,0,1,1,0,0,-1.368883779244614,1.7677408088510642
803,1,0,1,1,0,1,0,0,0,1,0,0,1,-2.145555518188084,-0.47694056317694733
804,1,0,0,1,0,0,0,1,0,1,0,0,1,-0.19433294530363815,-0.5079822104125026
805,0,0,0,1,0,0,0,1,0,1,0,0,1,0.09930476318160582,-0.4918744606632361
806,0,0,0,0,1,0,0,1,0,1,1,0,0,0.6865801801520938,-0.6484216535389205
807,0,0,0,1,0,0,0,1,1,0,0,0,1,-0.855017789395437,-0.4918744606632361
808,0,0,0,1,0,0,0,1,0,1,0,1,0,0.6865801801520938,-0.3866707201133388
809,1,1,0,0,1,0,0,1,1,0,1,0,0,0.24612361742422778,0.4207302360686478
810,0,0,0,1,0,0,0,1,0,1,0,0,1,-0.26774237242494914,-0.4896093083547455
811,0,0,0,1,0,0,0,1,0,1,0,0,1,0.6865801801520938,-0.1621689579829361
812,0,0,0,1,0,0,0,1,0,1,0,1,0,0.39294247166684976,-0.43700743807979686
813,0,4,2,1,0,0,0,1,1,0,0,0,1,-1.7359309148511688,-0.01870931177853076
814,0,0,0,1,0,0,0,1,0,1,0,0,1,0.06260004962095032,-0.4863374216869257
815,0,0,0,0,1,0,0,1,0,1,1,0,0,0.6744510956388592,-0.6484216535389205
816,0,0,0,1,0,0,0,1,1,0,0,0,1,-0.4879706537888821,-0.4888542575852486
817,0,1,1,1,0,1,0,0,0,1,0,1,0,0.09930476318160582,0.09664633805084172
818,0,0,0,1,0,0,0,1,0,1,0,0,1,0.9802178886373377,-0.5185529211854588
819,0,3,2,1,0,0,0,1,0,1,0,0,1,-1.4422932063659248,-0.08666388103324908
820,1,1,1,0,1,0,0,1,1,0,1,0,0,1.6409027327291366,1.2341715984066093
821,1,0,0,1,0,0,0,1,0,1,0,0,1,-0.19433294530363815,-0.47400492578514347
822,0,0,0,1,0,0,0,1,0,1,1,0,0,0.6131707530307827,-0.6484216535389205
823,1,0,1,0,1,0,0,1,1,0,0,0,1,-0.19433294530363815,-0.397241430886295
824,0,4,1,1,0,0,0,1,0,1,0,0,1,-2.029568623336413,0.1506737441786005
825,0,0,0,1,0,0,1,0,0,1,0,0,1,0.4001277115702989,-0.5084855775921673
826,0,0,0,1,0,0,0,1,0,1,0,0,1,-0.00575160832883484,0.48910360681684706
827,1,0,2,1,0,1,0,0,0,1,0,1,0,-2.102978050457724,0.09664633805084172
828,1,0,0,1,0,0,1,0,0,1,0,0,1,0.4146587639867294,-0.49237782784290063
829,1,0,0,0,1,0,0,0,1,0,1,0,0,2.3749970039422466,0.962353321387736
830,1,1,0,1,0,1,0,0,1,0,0,0,1,-1.07524607075937,-0.3573908580066095
831,1,1,1,1,0,0,0,1,0,1,0,1,0,-2.1154576530683467,-0.2708962687904854
832,0,0,0,1,0,1,0,0,0,1,0,0,1,-0.4970508961965141,-0.5028639729296732
833,0,0,0,1,0,0,0,1,0,1,0,0,1,-0.4879706537888821,-0.4902797934380587
834,0,0,0,1,0,0,0,1,0,1,0,0,1,-0.855017789395437,-0.48130374989027985
835,1,1,1,0,1,1,0,0,1,0,1,0,0,0.6865801801520938,1.0259447039291216
836,0,0,0,1,0,0,0,1,0,1,0,0,1,-0.634789508031504,-0.47400492578514347
837,0,0,0,1,0,0,0,1,0,1,0,0,1,0.07770233463071162,-0.4863374216869257
838,1,0,0,1,0,0,0,1,0,1,0,0,1,0.1727141903029168,0.48910360681684706
839,1,0,0,0,1,1,0,0,0,1,1,0,0,1.5609562053915416,-0.05042144409739929
840,0,0,0,1,0,0,0,1,0,1,0,0,1,-0.7081989351528151,-0.4888542575852486
841,0,0,0,1,0,0,0,1,0,1,0,1,0,-1.001836643638059,-0.43700743807979686
842,1,0,0,1,0,1,0,0,1,0,1,0,0,0.025895336060294823,-0.024246350754841113
843,0,0,0,1,0,1,0,0,0,1,0,0,1,0.3562377581061943,-0.5188046047752911
844,0,0,0,1,0,0,0,1,0,1,0,0,1,-0.928427216516748,-0.47400492578514347
845,0,0,0,1,0,0,0,1,0,1,0,0,1,0.9068084615160267,-0.49640476528021726
846,0,8,2,1,0,0,0,1,0,1,0,0,1,-1.3784367714061623,0.7519458402879414
847,0,0,0,1,0,1,0,0,0,1,0,0,1,0.39294247166684976,-0.4894421904510968
848,0,0,1,1,0,0,0,1,0,1,0,1,0,-0.12092351818232715,0.016023023618325298
849,1,1,0,0,1,1,0,0,1,0,1,0,0,1.0510406967240855,1.145663540471827
850,0,4,2,1,0,0,0,1,0,1,0,0,1,-1.8827497690937909,-0.01870931177853076
851,0,0,0,1,0,0,0,1,0,1,0,0,1,3.2559101293979786,-0.4918744606632361
852,0,1,1,1,0,1,0,0,1,0,0,0,1,-1.5157026334872359,-0.3414522396297103
853,1,0,1,0,1,0,0,1,1,0,1,0,0,-1.001836643638059,0.14488502161245778
854,0,1,0,1,0,0,0,1,1,0,0,1,0,1.0536273157586487,-0.12491978668775715
855,1,0,1,1,0,0,0,1,1,0,0,0,1,-0.855017789395437,-0.4601623283443675
856,1,1,1,1,0,0,0,1,1,0,1,0,0,1.1270367428799597,2.671117778445337
857,1,0,0,0,1,0,0,1,0,1,1,0,0,1.5674933056078255,-0.11384570873513637
858,1,0,3,1,0,1,0,0,1,0,0,0,1,-0.4145612266675711,-0.26066180729354516
859,0,0,0,1,0,1,0,0,0,1,0,0,1,-0.4970508961965141,-0.5028639729296732
860,0,2,0,1,0,0,0,1,0,1,0,0,1,0.8333990343947157,-0.36435544630444866
861,0,1,0,1,0,0,0,1,0,1,0,1,0,-0.634789508031504,-0.41687275089321363
862,1,0,0,0,1,0,0,1,1,0,1,0,0,1.3472650242438926,-0.1263453225405672
863,0,8,2,1,0,0,0,1,1,0,0,0,1,-1.3784367714061623,0.7519458402879414
864,0,0,0,1,0,0,0,1,0,1,0,1,0,-0.4145612266675711,-0.3866707201133388
865,1,0,0,1,0,0,0,1,1,0,0,1,0,0.9068084615160267,-0.3866707201133388
866,1,1,0,1,0,1,0,0,1,0,0,1,0,-0.19433294530363815,-0.3693891181010945
867,0,0,0,0,1,0,0,1,0,1,1,0,0,0.09930476318160582,0.3682954836973478
868,0,0,0,1,0,0,0,1,0,1,0,0,1,-0.2693655168144183,-0.45714212526638004
869,1,1,1,1,0,0,0,1,0,1,0,0,1,-1.8827497690937909,-0.4242561406845337
870,0,0,0,1,0,0,0,1,0,1,0,0,1,-0.26774237242494914,-0.4894421904510968
871,1,1,1,0,1,0,0,1,1,0,1,0,0,1.2738555971225816,0.40974072380221066
872,0,0,0,0,1,0,0,1,0,1,1,0,0,0.24612361742422778,-0.5477482176060045
873,0,0,0,1,0,0,0,1,0,1,0,0,1,1.2738555971225816,-0.46720946885967163
874,1,1,0,1,0,1,0,0,1,0,0,1,0,-0.12092351818232715,-0.16518916106092355
875,1,0,0,1,0,1,0,0,1,0,0,0,1,-1.07524607075937,-0.5029485386158568
876,0,0,0,1,0,0,0,1,0,1,0,0,1,-0.7081989351528151,-0.45017955043725955
877,0,0,0,1,0,0,0,1,0,1,0,0,1,-0.781608362274126,-0.4894421904510968
878,0,0,0,1,0,0,0,1,0,1,0,0,1,-0.12479908351711029,-0.4894421904510968
879,1,0,1,0,1,1,0,0,1,0,1,0,0,1.9345404412143805,1.0259447039291216
880,1,0,1,1,0,0,0,1,1,0,0,1,0,-0.3411517995462601,-0.12491978668775715
881,0,0,0,1,0,0,0,1,0,1,0,0,1,0.24612361742422778,-0.4894421904510968
882,0,0,0,1,0,0,0,1,1,0,0,0,1,-0.5613800809101931,-0.4366711888037809
883,0,0,0,1,0,0,0,1,0,1,0,1,0,-0.12092351818232715,-0.43700743807979686
884,0,0,0,1,0,0,0,1,0,1,0,0,1,-0.3411517995462601,-0.5064721088735089
885,0,0,5,1,0,0,1,0,1,0,0,0,1,0.6865801801520938,-0.06199888922968463
886,0,0,0,1,0,0,0,1,0,1,0,1,0,-0.19433294530363815,-0.3866707201133388
887,1,0,0,0,1,0,0,1,1,0,1,0,0,-0.781608362274126,-0.04438103794142432
888,0,1,2,1,0,0,0,1,1,0,0,0,1,-0.9875988706825178,-0.17626323901354432
889,1,0,0,0,1,1,0,0,0,1,1,0,0,-0.26774237242494914,-0.04438103794142432
890,0,0,0,1,0,0,1,0,0,1,0,0,1,0.1727141903029168,-0.49237782784290063
